-- ==== SESSION: 2017-2018 ====
INSERT INTO student (student_id, name, email, session, address) VALUES
('ASH2017001A', 'Arif Hasan', 'arif2017@example.com', '2017-2018', 'Dhaka'),
('ASH2017002B', 'Mou Khan', 'mou2017@example.com', '2017-2018', 'Chittagong'),
('ASH2017003C', 'Rakib Islam', 'rakib2017@example.com', '2017-2018', 'Rajshahi');

-- ==== SESSION: 2018-2019 ====
INSERT INTO student (student_id, name, email, session, address) VALUES
('ASH2018001D', 'Nadia Zaman', 'nadia2018@example.com', '2018-2019', 'Sylhet'),
('ASH2018002E', 'Hasibul Alam', 'hasib2018@example.com', '2018-2019', 'Dhaka'),
('ASH2018003F', 'Tanvir Hossain', 'tanvir2018@example.com', '2018-2019', 'Khulna');

-- ==== SESSION: 2019-2020 ====
INSERT INTO student (student_id, name, email, session, address) VALUES
('ASH2019001G', 'Mehedi Rony', 'rony2019@example.com', '2019-2020', 'Dhaka'),
('ASH2019002H', 'Sabina Yasmin', 'sabina2019@example.com', '2019-2020', 'Sylhet'),
('ASH2019003I', 'Tuhin Kabir', 'tuhin2019@example.com', '2019-2020', 'Rangpur');

-- ==== SESSION: 2020-2021 ====
INSERT INTO student (student_id, name, email, session, address) VALUES
('ASH2020001J', 'Faruk Shakil', 'faruk2020@example.com', '2020-2021', 'Dhaka'),
('ASH2020002K', 'Ayesha Karim', 'ayesha2020@example.com', '2020-2021', 'Narsingdi'),
('ASH2020003L', 'Junaid Sifat', 'junaid2020@example.com', '2020-2021', 'Barisal');

-- ==== SESSION: 2021-2022 (20 students) ====
INSERT INTO student (student_id, name, email, session, address) VALUES
('ASH2021001M', 'Masum Billah', 'masum2021@example.com', '2021-2022', 'Dhaka'),
('ASH2021002N', 'Sarah Hossain', 'sarah2021@example.com', '2021-2022', 'Chattogram'),
('ASH2021003O', 'Noman Mahmud', 'noman2021@example.com', '2021-2022', 'Dhaka'),
('ASH2021004P', 'Afia Binte', 'afia2021@example.com', '2021-2022', 'Khulna'),
('ASH2021005Q', 'Rezaul Karim', 'reza2021@example.com', '2021-2022', 'Bogura'),
('ASH2021006R', 'Shila Ferdousi', 'shila2021@example.com', '2021-2022', 'Sylhet'),
('ASH2021007S', 'Tariq Mahmud', 'tariq2021@example.com', '2021-2022', 'Barisal'),
('ASH2021008T', 'Sumaiya Nipa', 'sumaiya2021@example.com', '2021-2022', 'Dhaka'),
('ASH2021009U', 'Zahid Hasan', 'zahid2021@example.com', '2021-2022', 'Cumilla'),
('ASH2021010V', 'Asmaul Husna', 'asmaul2021@example.com', '2021-2022', 'Narayanganj'),
('ASH2021011W', 'Rahat Bin', 'rahat2021@example.com', '2021-2022', 'Mymensingh'),
('ASH2021012X', 'Iftekhar Anik', 'anik2021@example.com', '2021-2022', 'Dhaka'),
('ASH2021013Y', 'Maliha Tasnim', 'maliha2021@example.com', '2021-2022', 'Tangail'),
('ASH2021014Z', 'Omar Faruk', 'omar2021@example.com', '2021-2022', 'Noakhali'),
('ASH2021015A', 'Ishrat Jahan', 'ishrat2021@example.com', '2021-2022', 'Gazipur'),
('ASH2021016B', 'Fahim Uddin', 'fahim2021@example.com', '2021-2022', 'Dhaka'),
('ASH2021017C', 'Bushra Ahmed', 'bushra2021@example.com', '2021-2022', 'Narsingdi'),
('ASH2021018D', 'Sajid Rahman', 'sajid2021@example.com', '2021-2022', 'Pabna'),
('ASH2021019E', 'Aminul Islam', 'aminul2021@example.com', '2021-2022', 'Jessore'),
('ASH2021020F', 'Fatema Akter', 'fatema2021@example.com', '2021-2022', 'Rajshahi');

-- ==== SESSION: 2022-2023 (10 students) ====
INSERT INTO student (student_id, name, email, session, address) VALUES
('ASH2022001G', 'Anisur Rahman', 'anis2022@example.com', '2022-2023', 'Dhaka'),
('ASH2022002H', 'Karima Begum', 'karima2022@example.com', '2022-2023', 'Sylhet'),
('ASH2022003I', 'Shahadat Hossain', 'shahadat2022@example.com', '2022-2023', 'Rajshahi'),
('ASH2022004J', 'Lubna Jahan', 'lubna2022@example.com', '2022-2023', 'Chattogram'),
('ASH2022005K', 'Mahmud Hasan', 'mahmud2022@example.com', '2022-2023', 'Dhaka'),
('ASH2022006L', 'Farzana Islam', 'farzana2022@example.com', '2022-2023', 'Cumilla'),
('ASH2022007M', 'Imran Kabir', 'imran2022@example.com', '2022-2023', 'Khulna'),
('ASH2022008N', 'Zakia Sultana', 'zakia2022@example.com', '2022-2023', 'Tangail'),
('ASH2022009O', 'Rakibul Hasan', 'rakibul2022@example.com', '2022-2023', 'Gazipur'),
('ASH2022010P', 'Nusrat Jahan', 'nusrat2022@example.com', '2022-2023', 'Rangpur');

-- ==== SESSION: 2023-2024 ====
INSERT INTO student (student_id, name, email, session, address) VALUES
('ASH2023001Q', 'Rifat Khan', 'rifat2023@example.com', '2023-2024', 'Dhaka'),
('ASH2023002R', 'Mim Chowdhury', 'mim2023@example.com', '2023-2024', 'Sylhet'),
('ASH2023003S', 'Hasan Mahmud', 'hasan2023@example.com', '2023-2024', 'Barisal');

-- ==== SESSION: 2024-2025 ====
INSERT INTO student (student_id, name, email, session, address) VALUES
('ASH2024001T', 'Sumon Mia', 'sumon2024@example.com', '2024-2025', 'Rangpur'),
('ASH2024002U', 'Munia Aktar', 'munia2024@example.com', '2024-2025', 'Khulna'),
('ASH2024003V', 'Naeem Islam', 'naeem2024@example.com', '2024-2025', 'Dhaka');

-- SPL1 Solo Projects (for sessions with spl1)
INSERT INTO spl (name, github, mentor, description, categories) VALUES
('Personal Portfolio Website', 'https://github.com/ASH2017001A/portfolio', 'Arif Hasan', 'A personal portfolio website showcasing projects and skills.', 'spl1'),
('E-commerce Storefront', 'https://github.com/ASH2017002B/ecommerce', 'Mou Khan', 'A full-stack e-commerce platform with shopping cart.', 'spl1'),
('Blog Platform', 'https://github.com/ASH2018001D/blog-platform', 'Nadia Zaman', 'A blogging system with user authentication and posts.', 'spl1'),
('Task Management App', 'https://github.com/ASH2018002E/task-manager', 'Hasibul Alam', 'An app to manage daily tasks with reminders.', 'spl1'),
('Online Exam System', 'https://github.com/ASH2019001G/online-exam', 'Mehedi Rony', 'A platform to conduct online exams securely.', 'spl1'),
('Library Management System', 'https://github.com/ASH2019002H/library-system', 'Sabina Yasmin', 'A system to manage library books and users.', 'spl1'),
('Smart Home Automation', 'https://github.com/ASH2020001J/home-automation', 'Faruk Shakil', 'IoT-based smart home device control system.', 'spl1'),
('AI Resume Analyzer', 'https://github.com/ASH2021001M/resume-analyzer', 'Masum Billah', 'An AI-powered resume screening and scoring tool.', 'spl1'),
('Data Visualization Dashboard', 'https://github.com/ASH2022001G/data-viz', 'Anisur Rahman', 'Dashboard for visualizing complex datasets.', 'spl1');

-- SPL2 Team Projects (teams of 2 students per project)
INSERT INTO spl (name, github, mentor, description, categories) VALUES
('Campus Navigation App', 'https://github.com/teamA2017/campus-navigator', 'Tariq Islam', 'Mobile app for indoor navigation on campus.', 'spl2'),
('Smart Attendance System', 'https://github.com/teamB2018/attendance', 'Nadia Zaman', 'IoT-based biometric attendance system.', 'spl2'),
('Food Delivery Service', 'https://github.com/teamC2019/food-delivery', 'Rakib Islam', 'Online platform for food ordering and delivery.', 'spl2'),
('Virtual Classroom', 'https://github.com/teamD2020/virtual-classroom', 'Ayesha Karim', 'Platform for online classes with live video and chat.', 'spl2');

-- SPL3 Solo Projects (for sessions 2017-2020)
INSERT INTO spl (name, github, mentor, description, categories) VALUES
('Codeforces Performance Tracker', 'https://github.com/ASH2017003C/cf-tracker', 'Rakib Islam', 'Tool to analyze Codeforces contest performance.', 'spl3'),
('Leetcode Practice Assistant', 'https://github.com/ASH2018003F/leetcode-helper', 'Tanvir Hossain', 'App to organize and track Leetcode problems solved.', 'spl3'),
('Research Paper Organizer', 'https://github.com/ASH2019003I/paper-organizer', 'Tuhin Kabir', 'Manage and search research papers efficiently.', 'spl3');

-- SPL1 Members (each project assigned to one student)
INSERT INTO spl_member (spl_id, student_id) VALUES
(1, 'ASH2017001A'),
(2, 'ASH2017002B'),
(3, 'ASH2018001D'),
(4, 'ASH2018002E'),
(5, 'ASH2019001G'),
(6, 'ASH2019002H'),
(7, 'ASH2020001J'),
(8, 'ASH2021001M'),
(9, 'ASH2022001G');

-- SPL2 Members (teams with two students each)
-- Team A 2017-2018
INSERT INTO spl_member (spl_id, student_id) VALUES
(10, 'ASH2017001A'),
(10, 'ASH2017002B');

-- Team B 2018-2019
INSERT INTO spl_member (spl_id, student_id) VALUES
(11, 'ASH2018001D'),
(11, 'ASH2018002E');

-- Team C 2019-2020
INSERT INTO spl_member (spl_id, student_id) VALUES
(12, 'ASH2019001G'),
(12, 'ASH2019002H');

-- Team D 2020-2021
INSERT INTO spl_member (spl_id, student_id) VALUES
(13, 'ASH2020001J'),
(13, 'ASH2020002K');  -- Assuming student 'ASH2020002K' exists for 2020-2021 session

-- SPL3 Members (solo projects)
INSERT INTO spl_member (spl_id, student_id) VALUES
(14, 'ASH2017003C'),
(15, 'ASH2018003F'),
(16, 'ASH2019003I');

INSERT INTO achievement (competition_name, position, overview, created_at, updated_at)
VALUES
('ACM ICPC Regional Contest', '1st Place', 'Won the regional ACM ICPC programming contest with outstanding problem-solving skills.', CURRENT_TIMESTAMP, CURRENT_TIMESTAMP),

('Google Kick Start', 'Top 10%', 'Achieved top 10% rank in Google Kick Start coding competition.', CURRENT_TIMESTAMP, CURRENT_TIMESTAMP),

('Hackathon Bangladesh 2023', '2nd Place', 'Secured second place in national level hackathon with innovative project.', CURRENT_TIMESTAMP, CURRENT_TIMESTAMP),

('IEEE Paper Contest', 'Winner', 'Received first place for research paper on AI in healthcare.', CURRENT_TIMESTAMP, CURRENT_TIMESTAMP),

('Codeforces Global Round', '3rd Place', 'Placed third in a global Codeforces round competition.', CURRENT_TIMESTAMP, CURRENT_TIMESTAMP);

-- Link achievement 1 (ACM ICPC Regional Contest) to two students
INSERT INTO achievement_member (achievement_id, student_id) VALUES
(1, 'ASH2017001A'),
(1, 'ASH2017002B');

-- Link achievement 2 (Google Kick Start) to one student
INSERT INTO achievement_member (achievement_id, student_id) VALUES
(2, 'ASH2018001D');

-- Link achievement 3 (Hackathon Bangladesh 2023) to a team of three students
INSERT INTO achievement_member (achievement_id, student_id) VALUES
(3, 'ASH2019001G'),
(3, 'ASH2019002H'),
(3, 'ASH2020001J');

-- Link achievement 4 (IEEE Paper Contest) to one student
INSERT INTO achievement_member (achievement_id, student_id) VALUES
(4, 'ASH2021001M');

-- Link achievement 5 (Codeforces Global Round) to two students
INSERT INTO achievement_member (achievement_id, student_id) VALUES
(5, 'ASH2019003I'),
(5, 'ASH2018003F');

INSERT INTO paper (name, publisher, author, created_at, updated_at) VALUES
('Deep Learning for NLP', 'Journal of AI Research', 'Jane Doe', CURRENT_TIMESTAMP, CURRENT_TIMESTAMP),
('Quantum Computing Advances', 'Tech Review', 'John Smith', CURRENT_TIMESTAMP, CURRENT_TIMESTAMP),
('Blockchain in Finance', 'FinTech Journal', 'Alice Johnson', CURRENT_TIMESTAMP, CURRENT_TIMESTAMP),
('IoT Security Challenges', 'Cybersecurity Today', 'Bob Lee', CURRENT_TIMESTAMP, CURRENT_TIMESTAMP),
('Data Mining Techniques', 'Data Science Monthly', 'Carol White', CURRENT_TIMESTAMP, CURRENT_TIMESTAMP);

-- Paper 1 authored by two students
INSERT INTO paper_member (paper_id, student_id) VALUES
(1, 'ASH2017001A'),
(1, 'ASH2017002B');

-- Paper 2 authored by one student
INSERT INTO paper_member (paper_id, student_id) VALUES
(2, 'ASH2018001D');

-- Paper 3 authored by three students
INSERT INTO paper_member (paper_id, student_id) VALUES
(3, 'ASH2019001G'),
(3, 'ASH2019002H'),
(3, 'ASH2020001J');

-- Paper 4 authored by one student
INSERT INTO paper_member (paper_id, student_id) VALUES
(4, 'ASH2021001M');

-- Paper 5 authored by two students
INSERT INTO paper_member (paper_id, student_id) VALUES
(5, 'ASH2019003I'),
(5, 'ASH2018003F');

INSERT INTO topic (name, created_at, updated_at) VALUES
('Machine Learning', CURRENT_TIMESTAMP, CURRENT_TIMESTAMP),
('Quantum Computing', CURRENT_TIMESTAMP, CURRENT_TIMESTAMP),
('Blockchain', CURRENT_TIMESTAMP, CURRENT_TIMESTAMP),
('Internet of Things', CURRENT_TIMESTAMP, CURRENT_TIMESTAMP),
('Data Mining', CURRENT_TIMESTAMP, CURRENT_TIMESTAMP);

-- Student ASH2017001A interested in Machine Learning and Data Mining
INSERT INTO student_interest (student_id, topic_id) VALUES
('ASH2017001A', 1),
('ASH2017001A', 5);

-- Student ASH2018001D interested in Quantum Computing
INSERT INTO student_interest (student_id, topic_id) VALUES
('ASH2018001D', 2);

-- Student ASH2019001G interested in Blockchain and IoT
INSERT INTO student_interest (student_id, topic_id) VALUES
('ASH2019001G', 3),
('ASH2019001G', 4);

-- Student ASH2021001M interested in Machine Learning
INSERT INTO student_interest (student_id, topic_id) VALUES
('ASH2021001M', 1);

-- Student ASH2019003I interested in Data Mining
INSERT INTO student_interest (student_id, topic_id) VALUES
('ASH2019003I', 5);


INSERT INTO achievement (competition_name, position, description, created_at, updated_at) VALUES
('National Robotics Challenge', 'Champion', 'Won the national robotics competition with an autonomous drone.', CURRENT_TIMESTAMP, CURRENT_TIMESTAMP),
('International Math Olympiad', 'Honorable Mention', 'Received an honorable mention for outstanding performance in mathematics.', CURRENT_TIMESTAMP, CURRENT_TIMESTAMP),
('She Loves Tech Bangladesh', 'Finalist', 'Selected as a finalist for a tech entrepreneurship competition for women.', CURRENT_TIMESTAMP, CURRENT_TIMESTAMP),
('Facebook Hacker Cup', 'Winner', 'Ranked in the top 5% globally in Facebooks programming contest.', CURRENT_TIMESTAMP, CURRENT_TIMESTAMP),
('Code Warriors 2024', '2nd Runner-up', 'Secured 3rd place in a nationwide university-level programming battle.', CURRENT_TIMESTAMP, CURRENT_TIMESTAMP),
('NASA Space Apps Challenge', 'Regional Winner', 'Built a space-themed solution and won at the regional level.', CURRENT_TIMESTAMP, CURRENT_TIMESTAMP),
('AI for Healthcare Hackathon', 'Winner', 'Created an AI model for early disease detection and won the competition.', CURRENT_TIMESTAMP, CURRENT_TIMESTAMP),
('Startup Idea Contest', 'Top 10', 'Among the top 10 teams with innovative startup proposals.', CURRENT_TIMESTAMP, CURRENT_TIMESTAMP),
('National App Development Challenge', 'Winner', 'Won the challenge with a mobile app for public transport tracking.', CURRENT_TIMESTAMP, CURRENT_TIMESTAMP),
('Python Coding Contest', '1st Place', 'Won first place in a Python coding competition organized by a university.', CURRENT_TIMESTAMP, CURRENT_TIMESTAMP),
('Tech Fiesta UIU', 'Champion', 'Won the grand prize for tech innovation in UIUs annual event.', CURRENT_TIMESTAMP, CURRENT_TIMESTAMP),
('Smart Bangladesh Youth Fest', 'Top Innovator', 'Recognized as a top innovator in youth-led smart solutions.', CURRENT_TIMESTAMP, CURRENT_TIMESTAMP),
('Digital Security Hackfest', 'Runner-up', 'Secured 2nd position with a novel cybersecurity tool.', CURRENT_TIMESTAMP, CURRENT_TIMESTAMP),
('GreenTech Innovation Challenge', 'Finalist', 'Finalist in a competition focused on sustainable tech solutions.', CURRENT_TIMESTAMP, CURRENT_TIMESTAMP),
('IoT Innovation Summit', 'Best Prototype', 'Awarded for the best working prototype in IoT-themed summit.', CURRENT_TIMESTAMP, CURRENT_TIMESTAMP);


-- SESSION: 2019-2020
INSERT INTO achievement_member (achievement_id, student_id) VALUES (17, 'ASH2019001G');
INSERT INTO achievement_member (achievement_id, student_id) VALUES (18, 'ASH2019002H');
INSERT INTO achievement_member (achievement_id, student_id) VALUES (19, 'ASH2019003I');

-- SESSION: 2020-2021
INSERT INTO achievement_member (achievement_id, student_id) VALUES (20, 'ASH2020001J');
